{
    "pixel_count": {
        "0": 4220631721,
        "1": 190847349,
        "2": 512371682
    },
    "pixel_ratio": {
        "0": 0.8571810831767469,
        "1": 0.038759775349096526,
        "2": 0.10405914147415653
    },
    "pixel_weight_invert": {
        "0": 0.03189521565933044,
        "1": 0.7053698134413489,
        "2": 0.2627349708993207
    }
}